<?xml version="1.0" encoding="UTF-8"?>

<mule xmlns:dw="http://www.mulesoft.org/schema/mule/ee/dw" xmlns:http="http://www.mulesoft.org/schema/mule/http" xmlns="http://www.mulesoft.org/schema/mule/core" xmlns:doc="http://www.mulesoft.org/schema/mule/documentation"
	xmlns:spring="http://www.springframework.org/schema/beans" 
	xmlns:xsi="http://www.w3.org/2001/XMLSchema-instance"
	xsi:schemaLocation="http://www.springframework.org/schema/beans http://www.springframework.org/schema/beans/spring-beans-current.xsd
http://www.mulesoft.org/schema/mule/core http://www.mulesoft.org/schema/mule/core/current/mule.xsd
http://www.mulesoft.org/schema/mule/http http://www.mulesoft.org/schema/mule/http/current/mule-http.xsd
http://www.mulesoft.org/schema/mule/ee/dw http://www.mulesoft.org/schema/mule/ee/dw/current/dw.xsd">
    <flow name="audit-dbFlow">
        <http:listener config-ref="HTTP_Listener_Configuration" path="/audit" doc:name="HTTP"/>
        <dw:transform-message doc:name="Transform Message">
            <dw:set-payload><![CDATA[%dw 1.0
%output application/java
---
{
}]]></dw:set-payload>
            <dw:set-session-variable variableName="ReqDtTm"><![CDATA[%dw 1.0
%output application/java
---
now as :string {format : "yyyy-MM-dd hh:mm:ss"}]]></dw:set-session-variable>
            <dw:set-session-variable variableName="ReqMsg"><![CDATA[%dw 1.0
%output application/java
---

inboundProperties."http.query.params"]]></dw:set-session-variable>
            <dw:set-session-variable variableName="uniqueId"><![CDATA[%dw 1.0
%output application/java
---
inboundProperties.uniqueid]]></dw:set-session-variable>
            <dw:set-session-variable variableName="source"><![CDATA[%dw 1.0
%output application/java
---
inboundProperties.source]]></dw:set-session-variable>
        </dw:transform-message>
        <http:request config-ref="HTTP_Request_Configuration" path="/united/flights/{destination}" method="GET" doc:name="HTTP">
            <http:request-builder>
                <http:uri-param paramName="destination" value="#[message.inboundProperties.'http.query.params'.dest]"/>
            </http:request-builder>
        </http:request>
        <dw:transform-message doc:name="Transform Message">
            <dw:set-payload><![CDATA[%dw 1.0
%output application/java
---
{
}]]></dw:set-payload>
            <dw:set-session-variable variableName="ResDtTm"><![CDATA[%dw 1.0
%output application/java
---
now as :string {format : "yyyy-MM-dd hh:mm:ss"}]]></dw:set-session-variable>
            <dw:set-session-variable variableName="ResMsg"><![CDATA[%dw 1.0
%output application/java
---
payload]]></dw:set-session-variable>
        </dw:transform-message>
        <async doc:name="Async">
            <flow-ref name="table-insertFlow" doc:name="Flow Reference"/>
        </async>
        <set-payload value="#[sessionVars.ResMsg]" doc:name="Set Payload"/>
    </flow>
</mule>
