<?xml version="1.0" encoding="UTF-8"?>

<mule xmlns:db="http://www.mulesoft.org/schema/mule/db" xmlns="http://www.mulesoft.org/schema/mule/core" xmlns:doc="http://www.mulesoft.org/schema/mule/documentation"
	xmlns:spring="http://www.springframework.org/schema/beans" 
	xmlns:xsi="http://www.w3.org/2001/XMLSchema-instance"
	xsi:schemaLocation="http://www.springframework.org/schema/beans http://www.springframework.org/schema/beans/spring-beans-current.xsd
http://www.mulesoft.org/schema/mule/core http://www.mulesoft.org/schema/mule/core/current/mule.xsd
http://www.mulesoft.org/schema/mule/db http://www.mulesoft.org/schema/mule/db/current/mule-db.xsd">
    <flow name="table-insertFlow">
        <logger message="DB insertion start........." level="INFO" doc:name="Logger"/>
        <db:insert config-ref="MySQL_Configuration" doc:name="Database">
            <db:parameterized-query><![CDATA[insert into AUDIT_LOG (UniqueId,
					   SrcAppName,
					   ReqMsg,
					   ResMsg,
					   ReqDtTm,
					   ResDtTm)  values (#[sessionVars.uniqueId],
					   					 #[sessionVars.source],
					   					 #[sessionVars.ReqMsg],
					   					 #[sessionVars.ResMsg],
					   					 #[sessionVars.ReqDtTm],
					   					 #[sessionVars.ResDtTm])]]></db:parameterized-query>
        </db:insert>
        <logger message="DB insert completed..............." level="INFO" doc:name="Logger"/>
    </flow>
</mule>
